﻿<?xml version="1.0" encoding="utf-8" standalone="yes"?>
<urls>
  <url address="http://feeds.feedburner.com/netslave">13</url>
  <url address="http://au.f309.mail.yahoo.com/ym/ShowLetter?MsgId=138_2510204_48964_1931_7334_0_18168_20610_4122031958&amp;amp;Idx=0&amp;amp;YY=72131&amp;amp;y5beta=yes&amp;amp;y5beta=yes&amp;amp;inc=25&amp;amp;order=down&amp;amp;sort=date&amp;amp;pos=0&amp;amp;view=a&amp;amp;head=b&amp;amp;box=Inbox">1</url>
  <url address="http://desk.mottey.com/default.aspx">1</url>
  <url address="http://www.dzone.com/">5</url>
  <url address="http://www.doctoruu.com/">2</url>
  <url address="http://del.icio.us/gibbensr?title=Bind+countries+from+CultureInfo+class+in+C%23&amp;amp;url=http://feeds.feedburner.com/~r/netSlave/~3/120067512/post.aspx">1</url>
  <url address="http://www.google.com/reader/view/">2</url>
  <url address="http://www.zhuaxia.com/index.php">1</url>
  <url address="http://www.dotnetkicks.com/opensource/Official_release_of_BlogEngine_NET_1_0">3</url>
  <url address="http://news.csdn.net/n/20070416/102871.html">33</url>
  <url address="http://programmabilities.com/blog/">1</url>
  <url address="http://codeodyssey.se/blog.aspx?id=302">23</url>
  <url address="http://www.dotnetkicks.com/page/2">3</url>
  <url address="http://csharpfeeds.com/post.aspx?id=5118">1</url>
  <url address="http://www.pillrr.com/" isSpam="true">3</url>
  <url address="http://www.netvibes.com/">1</url>
  <url address="http://www.google.com/ig">1</url>
  <url address="http://www.feedshow.com/show_items-feed=371dd473f0a8cc813748608eb67d6a55">1</url>
  <url address="http://www.google.dk/ig?hl=da">3</url>
  <url address="http://weblogs.asp.net/scottgu/archive/2007/03/13/new-orcas-language-feature-extension-methods.aspx">1</url>
  <url address="http://www.google.es/ig">1</url>
  <url address="http://www.live.com/Default.aspx?wa=wsignin1.0">2</url>
  <url address="http://www.google.se/ig">1</url>
  <url address="http://www.live.com/">1</url>
</urls>