﻿<?xml version="1.0" encoding="utf-8" standalone="yes"?>
<post>
  <author>Admin</author>
  <title>Setup basic blog engine</title>
  <description />
  <content>&lt;p&gt;Unzipped, configured and installed the basic blog engine to use xml files by default.&lt;/p&gt;
&lt;p&gt;&amp;nbsp;&lt;/p&gt;</content>
  <ispublished>True</ispublished>
  <iscommentsenabled>True</iscommentsenabled>
  <pubDate>2009-11-30 10:20:00</pubDate>
  <lastModified>2009-11-30 10:22:03</lastModified>
  <raters>1</raters>
  <rating>5</rating>
  <slug>Setup-basic-blog-engine</slug>
  <tags />
  <comments />
  <categories />
  <notifications />
</post>